name,phone
Arjun Mehta,+919812345678
Priya Iyer,+919898765432
Rohit Sharma,+919823456789
Neha Kapoor,+919845678901
Vikram Singh,+919811223344
Ananya Reddy,+919833445566
Karthik Nair,+919855667788
Divya Menon,+919877889900
Sandeep Gupta,+919800112233
Ritu Agarwal,+919822334455
Manish Tiwari,+919844556677
Tanvi Saxena,+919866778899
Aarav Sharma,+919888990011
Kavya Pillai,+919810203040
Sanjay Khanna,+919830405060
Meera Pillai,+919850607080
Kunal Desai,+919870809010
Isha Bhatt,+919812121212
Yash Malhotra,+919834343434
Shreya Kulkarni,+919856565656
Arpit Gandhi,+919878787878
Nikita Rao,+919810111213
Harsh Patel,+919832141516
Sonal Verma,+919854171819
Ravi Krishnan,+919876202122
Pooja Shetty,+919812232425
Abhishek Jain,+919834262728
Swati Bose,+919856293031
Nitin Rao,+919878323334
Deepti Menon,+919810353637
Gaurav Malik,+919832383940
Ramya Iyer,+919854414243
Amol Deshmukh,+919876444546
Preeti Sinha,+919812474849
Aditya Bhatia,+919834505152
Chitra Menon,+919856535455
Varun Chopra,+919878565758
Sneha Naidu,+919810596061
Keshav Jain,+919832626364
Lavanya Shah,+919854656667
Arjun Balaji,+919876686970
Kriti Dubey,+919812717273
Mihir Thakur,+919834747576
Sara Khan,+919856777879
Rajat Mishra,+919878808182
Asmita Ghosh,+919810838485
Hardik Patel,+919832868788
Trisha Banerjee,+919854899091
Saurabh Tiwari,+919876929394
Nidhi Aggarwal,+919812959697
